{"global_step": 9984000, "_timestamp": 1652201211.7202957, "rollout_shaped/max_reward": 17.0, "rollout_shaped/mean_reward": 7.9666666984558105, "rollout_shaped/median_reward": 9.0, "rollout_shaped/min_reward": 3.0, "rollout_sparse/max_sparse_reward": 20.0, "rollout_sparse/mean_sparse_reward": 0.6666666865348816, "rollout_sparse/median_sparse_reward": 0.0, "rollout_sparse/min_sparse_reward": 0.0, "time/fps": 2474.0, "train/action_loss": -0.0013394963461905718, "train/entropy": 1.7914773225784302, "train/value_loss": 0.28046050667762756, "_runtime": 4051, "_step": 831, "_wandb": {"runtime": 4059}}